timestamp,age_group,gender,program_of_study,study_programme,study_hours_weekdays,study_hours_weekends,session_length,review_notes,attendance_rate,sleep_hours,screen_time,stress_level,motivation_level,time_management,learning_satisfaction,average_gpa,gpa_range,study_habit_effect,study_hours_weekdays_num,study_hours_weekends_num,sleep_hours_num,screen_time_num,attendance_rate_num,review_notes_num,stress_band,sleep_band
2025-10-11 20:17:53.264,18 - 22,Female,Data Science,Higher National Diploma,1 - 2 hours,3–4 hours,30–59 minutes,Often,50–74%,7-8,4-6 hours,4,3,3,3,2.0,2.5-2.99,Maybe,1.5,3.5,7.5,5.0,0.62,3,Medium,Good
2025-10-11 20:30:38.165,18 - 22,Female,Data Science,Higher National Diploma,Less than 1 hour,Less than 1 hour,<30 minutes,Never,≥90%,6-7,2-4 hours,4,2,1,3,2.5443037974683542,2.5-2.99,"Yes, significantly",0.5,0.5,6.5,3.0,0.95,1,Medium,Good
2025-10-11 20:44:36.999,18 - 22,Female,Data Science,Higher National Diploma,1 - 2 hours,3–4 hours,<30 minutes,Sometimes,50–74%,6-7,2-4 hours,4,3,3,3,3.0,3.0-3.49,Somewhat,1.5,3.5,6.5,3.0,0.62,2,Medium,Good
2025-10-11 20:54:00.359,18 - 22,Male,Computer Science ,Bsc,3 - 4 hours,3–4 hours,30–59 minutes,Often,75-89%,6-7,6-8 hours,5,3,3,4,2.5443037974683542,3.0-3.49,"Yes, significantly",3.5,3.5,6.5,7.0,0.82,3,High,Good
2025-10-11 20:55:28.600,18 - 22,Female,Fashion Design,Foundation,3 - 4 hours,4–5 hours,30–59 minutes,Sometimes,75-89%,6-7,4-6 hours,4,3,3,4,3.0,2.0-2.49,Somewhat,3.5,4.5,6.5,5.0,0.82,2,Medium,Good
2025-10-11 20:57:26.721,18 - 22,Female,Engineering ,Bsc,More than 5 hours,4–5 hours,1–2 hours,Often,≥90%,4-5,2-4 hours,3,4,3,4,3.0,3.0-3.49,"Yes, significantly",2.6066666666666665,4.5,4.5,3.0,0.95,3,Medium,Good
2025-10-11 20:57:30.354,18 - 22,Female,Data Science,Advanced Diploma,4 -5 hours,More than 5 hours,1–2 hours,Sometimes,75-89%,5-6,4-6 hours,3,2,4,4,2.5443037974683542,2.0-2.49,Not really,2.6066666666666665,9.5,5.5,5.0,0.82,2,Medium,Good
2025-10-11 21:02:21.363,18 - 22,Female,BSc.Nursing (UG),Bsc,More than 5 hours,4–5 hours,2 - 3 hours,Often,≥90%,4-5,2-4 hours,3,3,3,3,1.0,2.0-2.49,Maybe,2.6066666666666665,4.5,4.5,3.0,0.95,3,Medium,Good
2025-10-11 21:04:05.589,18 - 22,Female,Engineering,Bsc,More than 5 hours,More than 5 hours,1–2 hours,Often,75-89%,7-8,2-4 hours,2,3,3,4,3.0,3.0-3.49,Somewhat,2.6066666666666665,9.5,7.5,3.0,0.82,3,Low,Good
2025-10-11 21:06:43.568,18 - 22,Female,Data Science,Foundation,3 - 4 hours,3–4 hours,1–2 hours,Often,50–74%,6-7,2-4 hours,4,4,3,3,2.0,2.5-2.99,Not sure,3.5,3.5,6.5,3.0,0.62,3,Medium,Good
2025-10-11 21:09:26.461,27 - 35,Female,Fashion Design,Advanced Diploma,2 - 3 hours,3–4 hours,30–59 minutes,Often,75-89%,6-7,<2 hours,3,3,3,2,3.0,3.0-3.49,Maybe,2.5,3.5,6.5,0.5,0.82,3,Medium,Good
2025-10-11 21:13:04.280,18 - 22,Female,Fashion Design,Higher National Diploma,Less than 1 hour,Less than 1 hour,1–2 hours,Sometimes,75-89%,6-7,<2 hours,2,3,2,3,1.0,2.5-2.99,Somewhat,0.5,0.5,6.5,0.5,0.82,2,Low,Good
2025-10-11 21:19:28.952,18 - 22,Female,HND-Nursing,Higher National Diploma,More than 5 hours,3–4 hours,1–2 hours,Sometimes,50–74%,5-6,4-6 hours,3,3,1,4,2.5443037974683542,3.0-3.49,Maybe,2.6066666666666665,3.5,5.5,5.0,0.62,2,Medium,Good
2025-10-11 21:21:15.924,23 - 26,Male,Data Science,Bsc,3 - 4 hours,More than 5 hours,30–59 minutes,Sometimes,50–74%,6-7,4-6 hours,1,3,2,2,3.0,3.0-3.49,Not sure,3.5,9.5,6.5,5.0,0.62,2,Low,Good
2025-10-11 21:28:40.443,18 - 22,Female,Business science,Bsc,2 - 3 hours,More than 5 hours,30–59 minutes,Often,≥90%,5-6,2-4 hours,3,3,2,4,3.0,3.5-4.0,"Yes, significantly",2.5,9.5,5.5,3.0,0.95,3,Medium,Good
2025-10-11 21:29:26.690,18 - 22,Male,Business Science ,Bsc,2 - 3 hours,More than 5 hours,<30 minutes,Often,≥90%,7-8,4-6 hours,5,4,2,4,3.0,3.5-4.0,"Yes, significantly",2.5,9.5,7.5,5.0,0.95,3,High,Good
2025-10-11 21:33:02.228,18 - 22,Female,Fashion Design,Foundation,4 -5 hours,3–4 hours,30–59 minutes,Often,50–74%,5-6,2-4 hours,3,2,3,4,2.0,2.0-2.49,Maybe,2.6066666666666665,3.5,5.5,3.0,0.62,3,Medium,Good
2025-10-11 22:34:16.759,<18,Female,Al ,2026,Less than 1 hour,I don’t study on weekends,<30 minutes,Sometimes,50–74%,8-9,<2 hours,1,4,4,4,0.0,Below 2.0,"Yes, significantly",0.5,,8.5,0.5,0.62,2,Low,Good
2025-10-11 22:34:31.361,18 - 22,Male,Cyber Security,Bsc,3 - 4 hours,2–3 hours,30–59 minutes,Sometimes,50–74%,5-6,4-6 hours,3,2,2,2,2.5443037974683542,2.5-2.99,Somewhat,3.5,2.5,5.5,5.0,0.62,2,Medium,Good
2025-10-11 22:47:46.352,18 - 22,Female,A/L Student ,A/L exam in 2025,More than 5 hours,More than 5 hours,2 - 3 hours,Often,75-89%,4-5,6-8 hours,5,3,3,3,2.0,2.5-2.99,"Yes, significantly",2.6066666666666665,9.5,4.5,7.0,0.82,3,High,Good
2025-10-11 22:50:36.081,18 - 22,Female,Fashion Design,Foundation,5 - 6 hours,4–5 hours,<30 minutes,Sometimes,75-89%,5-6,2-4 hours,3,3,3,4,2.5443037974683542,2.5-2.99,"Yes, significantly",5.5,4.5,5.5,3.0,0.82,2,Medium,Good
2025-10-11 22:52:33.873,18 - 22,Female,Molecular biology ,Bsc,3 - 4 hours,2–3 hours,30–59 minutes,Sometimes,75-89%,6-7,2-4 hours,5,4,1,3,1.0,3.5-4.0,"Yes, significantly",3.5,2.5,6.5,3.0,0.82,2,High,Good
2025-10-11 23:20:18.896,18 - 22,Female,Fashion Design,Degree ,3 - 4 hours,Less than 1 hour,1–2 hours,Sometimes,75-89%,6-7,6-8 hours,1,4,4,3,3.0,3.0-3.49,Somewhat,3.5,0.5,6.5,7.0,0.82,2,Low,Good
2025-10-11 23:31:11.594,23 - 26,Female,I like that,Higher National Diploma,4 -5 hours,1–2 hours,30–59 minutes,Sometimes,75-89%,4-5,2-4 hours,4,5,4,5,3.0,3.0-3.49,Somewhat,2.6066666666666665,1.5,4.5,3.0,0.82,2,Medium,Good
2025-10-11 23:44:46.101,23 - 26,Male,Computer science ,Bsc,More than 5 hours,More than 5 hours,2 - 3 hours,Always,75-89%,5-6,more than 8 hours,3,4,4,4,3.0,3.5-4.0,Not sure,2.6066666666666665,9.5,5.5,9.5,0.82,4,Medium,Good
2025-10-11 23:52:04.928,23 - 26,Male,Data Science,Higher National Diploma,2 - 3 hours,2–3 hours,1–2 hours,Sometimes,50–74%,5-6,6-8 hours,5,2,2,2,2.0,2.5-2.99,Maybe,2.5,2.5,5.5,7.0,0.62,2,High,Good
2025-10-12 00:03:56.654,23 - 26,Male,Data Science,Higher National Diploma,4 -5 hours,4–5 hours,1–2 hours,Often,≥90%,5-6,2-4 hours,5,4,4,4,2.0,2.5-2.99,"Yes, significantly",2.6066666666666665,4.5,5.5,3.0,0.95,3,High,Good
2025-10-12 05:13:16.184,18 - 22,Male,Business information systems ,Bsc,3 - 4 hours,3–4 hours,<30 minutes,Sometimes,75-89%,7-8,4-6 hours,4,4,3,3,2.0,3.0-3.49,Somewhat,3.5,3.5,7.5,5.0,0.82,2,Medium,Good
2025-10-12 05:39:01.461,23 - 26,Female,Geography,BA,More than 5 hours,More than 5 hours,1–2 hours,Often,75-89%,7-8,4-6 hours,3,3,4,4,3.0,3.5-4.0,Maybe,2.6066666666666665,9.5,7.5,5.0,0.82,3,Medium,Good
2025-10-12 07:49:04.532,18 - 22,Female,Radiography ,Bsc,1 - 2 hours,2–3 hours,30–59 minutes,Sometimes,≥90%,7-8,<2 hours,1,3,5,2,3.0,3.0-3.49,"Yes, significantly",1.5,2.5,7.5,0.5,0.95,2,Low,Good
2025-10-12 08:44:18.526,18 - 22,Male,Data Science,Higher National Diploma,More than 5 hours,2–3 hours,2 - 3 hours,Sometimes,50–74%,7-8,6-8 hours,4,2,3,3,2.0,2.5-2.99,Maybe,2.6066666666666665,2.5,7.5,7.0,0.62,2,Medium,Good
2025-10-12 09:57:20.859,23 - 26,Female,Data Science,Advanced Diploma,1 - 2 hours,2–3 hours,<30 minutes,Often,50–74%,6-7,4-6 hours,4,3,4,3,3.0,3.0-3.49,"Yes, significantly",1.5,2.5,6.5,5.0,0.62,3,Medium,Good
2025-10-12 10:29:46.014,23 - 26,Male,Data Science,Higher National Diploma,2 - 3 hours,3–4 hours,30–59 minutes,Sometimes,≥90%,6-7,4-6 hours,1,3,3,4,4.0,3.5-4.0,"Yes, significantly",2.5,3.5,6.5,5.0,0.95,2,Low,Good
2025-10-12 10:41:15.244,18 - 22,Male,Biological science ,Bsc,1 - 2 hours,1–2 hours,2 - 3 hours,Sometimes,<50%,6-7,4-6 hours,3,3,4,4,3.0,3.5-4.0,"Yes, significantly",1.5,1.5,6.5,5.0,0.62,2,Medium,Good
2025-10-12 10:57:45.135,23 - 26,Female,Information technology ,Higher National Diploma,1 - 2 hours,3–4 hours,30–59 minutes,Sometimes,<50%,6-7,2-4 hours,3,3,2,3,1.0,2.5-2.99,"Yes, significantly",1.5,3.5,6.5,3.0,0.62,2,Medium,Good
2025-10-12 13:00:13.047,18 - 22,Female,Biological science ,Advanced level ,More than 5 hours,More than 5 hours,2 - 3 hours,Always,≥90%,4-5,2-4 hours,5,4,4,4,2.5443037974683542,3.0-3.49,Somewhat,2.6066666666666665,9.5,4.5,3.0,0.95,4,High,Good
2025-10-12 13:00:29.594,18 - 22,Female,Data Science,Bsc,4 -5 hours,3–4 hours,1–2 hours,Sometimes,50–74%,5-6,2-4 hours,4,2,3,3,2.0,2.5-2.99,Somewhat,2.6066666666666665,3.5,5.5,3.0,0.62,2,Medium,Good
2025-10-12 13:19:23.409,27 - 35,Female,Data Science,Bsc,3 - 4 hours,More than 5 hours,1–2 hours,Often,75-89%,7-8,4-6 hours,3,3,4,4,3.0,3.0-3.49,Maybe,3.5,9.5,7.5,5.0,0.82,3,Medium,Good
2025-10-12 13:27:25.233,23 - 26,Male,Social science ,BA,2 - 3 hours,2–3 hours,30–59 minutes,Sometimes,75-89%,4-5,2-4 hours,3,3,3,3,2.0,2.5-2.99,Somewhat,2.5,2.5,4.5,3.0,0.82,2,Medium,Good
2025-10-12 13:37:49.272,18 - 22,Female,Fashion Design,Foundation,1 - 2 hours,3–4 hours,30–59 minutes,Sometimes,50–74%,4-5,2-4 hours,3,3,4,3,1.0,Below 2.0,"Yes, significantly",1.5,3.5,4.5,3.0,0.62,2,Medium,Good
2025-10-12 14:06:42.280,<18,Female,Psychology,Bsc,2 - 3 hours,2–3 hours,1–2 hours,Often,50–74%,5-6,4-6 hours,3,3,3,3,2.0,2.0-2.49,Somewhat,2.5,2.5,5.5,5.0,0.62,3,Medium,Good
2025-10-12 14:06:57.155,<18,Female,Interior Architecture,Foundation,3 - 4 hours,I don’t study on weekends,30–59 minutes,Sometimes,75-89%,7-8,6-8 hours,2,3,3,3,3.0,2.5-2.99,"Yes, significantly",3.5,,7.5,7.0,0.82,2,Low,Good
2025-10-12 15:02:14.660,18 - 22,Male,Data Science,Advanced Diploma,Less than 1 hour,Less than 1 hour,1–2 hours,Sometimes,≥90%,7-8,6-8 hours,4,3,3,3,2.5443037974683542,3.0-3.49,Somewhat,0.5,0.5,7.5,7.0,0.95,2,Medium,Good
2025-10-12 15:40:54.626,23 - 26,Male,Data Science,Higher National Diploma,3 - 4 hours,2–3 hours,<30 minutes,Often,75-89%,6-7,2-4 hours,5,3,3,3,3.0,3.0-3.49,Somewhat,3.5,2.5,6.5,3.0,0.82,3,High,Good
2025-10-12 15:50:26.430,23 - 26,Male,Food Science and Technology ,Bsc,More than 5 hours,2–3 hours,30–59 minutes,Sometimes,75-89%,5-6,2-4 hours,3,3,3,4,2.5443037974683542,3.0-3.49,"Yes, significantly",2.6066666666666665,2.5,5.5,3.0,0.82,2,Medium,Good
2025-10-12 16:12:15.369,18 - 22,Male,Data Science,Higher National Diploma,2 - 3 hours,3–4 hours,30–59 minutes,Sometimes,50–74%,8-9,<2 hours,2,3,3,3,2.0,2.5-2.99,"Yes, significantly",2.5,3.5,8.5,0.5,0.62,2,Low,Good
2025-10-12 16:19:23.500,23 - 26,Female,Engineering ,Bsc,More than 5 hours,1–2 hours,30–59 minutes,Often,≥90%,6-7,4-6 hours,4,4,3,4,2.0,3.0-3.49,"Yes, significantly",2.6066666666666665,1.5,6.5,5.0,0.95,3,Medium,Good
2025-10-12 16:26:07.946,18 - 22,Male,Food science and technology ,Bsc,4 -5 hours,1–2 hours,30–59 minutes,Sometimes,≥90%,8-9,4-6 hours,3,2,3,3,2.0,2.5-2.99,Somewhat,2.6066666666666665,1.5,8.5,5.0,0.95,2,Medium,Good
2025-10-12 16:43:00.386,18 - 22,Female,Engineering,Bsc,4 -5 hours,I don’t study on weekends,<30 minutes,Sometimes,50–74%,6-7,2-4 hours,5,1,1,3,3.0,3.0-3.49,"Yes, significantly",2.6066666666666665,,6.5,3.0,0.62,2,High,Good
2025-10-12 17:06:26.096,18 - 22,Female,Data Science,Bsc,5 - 6 hours,More than 5 hours,<30 minutes,Sometimes,75-89%,8-9,4-6 hours,3,3,3,3,3.0,3.0-3.49,"Yes, significantly",5.5,9.5,8.5,5.0,0.82,2,Medium,Good
2025-10-12 17:12:19.685,18 - 22,Male,Engineering,Bsc,1 - 2 hours,I don’t study on weekends,1–2 hours,Sometimes,75-89%,7-8,<2 hours,3,2,3,3,3.0,3.0-3.49,Somewhat,1.5,,7.5,0.5,0.82,2,Medium,Good
2025-10-12 19:02:14.497,23 - 26,Male,Agriculture ,Bsc,4 -5 hours,More than 5 hours,30–59 minutes,Often,75-89%,6-7,2-4 hours,4,3,3,4,3.0,3.0-3.49,"Yes, significantly",2.6066666666666665,9.5,6.5,3.0,0.82,3,Medium,Good
2025-10-12 19:30:54.820,18 - 22,Male,Data Science,Higher National Diploma,Less than 1 hour,I don’t study on weekends,30–59 minutes,Sometimes,<50%,4-5,4-6 hours,2,2,1,1,3.0,2.5-2.99,"Yes, significantly",0.5,,4.5,5.0,0.62,2,Low,Good
2025-10-12 19:32:45.598,23 - 26,Male,Computational mathematics ,Bsc,1 - 2 hours,2–3 hours,30–59 minutes,Sometimes,<50%,5-6,2-4 hours,3,3,3,3,3.0,3.0-3.49,"Yes, significantly",1.5,2.5,5.5,3.0,0.62,2,Medium,Good
2025-10-12 19:51:10.982,18 - 22,Female,Fashion Design,Bsc,Less than 1 hour,I don’t study on weekends,30–59 minutes,Sometimes,75-89%,6-7,4-6 hours,4,4,2,4,4.0,3.5-4.0,"Yes, significantly",0.5,,6.5,5.0,0.82,2,Medium,Good
2025-10-12 20:44:06.532,18 - 22,Male,Data Science,Higher National Diploma,1 - 2 hours,3–4 hours,<30 minutes,Sometimes,75-89%,8-9,4-6 hours,5,3,3,3,3.0,3.0-3.49,Somewhat,1.5,3.5,8.5,5.0,0.82,2,High,Good
2025-10-12 20:46:25.514,23 - 26,Male,Infromation Technology ,Bsc,More than 5 hours,4–5 hours,1–2 hours,Sometimes,<50%,7-8,6-8 hours,4,4,3,3,2.5443037974683542,2.5-2.99,Somewhat,2.6066666666666665,4.5,7.5,7.0,0.62,2,Medium,Good
2025-10-12 20:48:34.786,23 - 26,Female,ICT,Higher National Diploma,3 - 4 hours,4–5 hours,1–2 hours,Often,≥90%,6-7,4-6 hours,5,1,2,3,2.0,2.0-2.49,"Yes, significantly",3.5,4.5,6.5,5.0,0.95,3,High,Good
2025-10-12 20:50:05.412,23 - 26,Male,Data Science,Higher National Diploma,1 - 2 hours,2–3 hours,<30 minutes,Sometimes,≥90%,5-6,4-6 hours,3,3,3,3,3.0,3.0-3.49,"Yes, significantly",1.5,2.5,5.5,5.0,0.95,2,Medium,Good
2025-10-12 20:55:07.236,23 - 26,Male,Engineering ,Bsc,4 -5 hours,2–3 hours,<30 minutes,Often,75-89%,6-7,4-6 hours,3,3,4,4,4.0,3.0-3.49,Not really,2.6066666666666665,2.5,6.5,5.0,0.82,3,Medium,Good
2025-10-12 20:59:36.574,18 - 22,Male,Management ,Bsc,5 - 6 hours,2–3 hours,30–59 minutes,Sometimes,50–74%,6-7,6-8 hours,3,3,4,3,2.0,2.5-2.99,Somewhat,5.5,2.5,6.5,7.0,0.62,2,Medium,Good
2025-10-12 21:04:05.030,18 - 22,Female,Psychology,Bsc,2 - 3 hours,1–2 hours,30–59 minutes,Sometimes,75-89%,6-7,4-6 hours,4,2,3,2,2.5443037974683542,3.0-3.49,"Yes, significantly",2.5,1.5,6.5,5.0,0.82,2,Medium,Good
2025-10-12 21:10:40.729,18 - 22,Male,Data Science,Bsc,2 - 3 hours,3–4 hours,2 - 3 hours,Sometimes,75-89%,5-6,4-6 hours,2,3,3,2,2.0,3.0-3.49,Not really,2.5,3.5,5.5,5.0,0.82,2,Low,Good
2025-10-12 21:13:03.704,27 - 35,Male,Data Science,Higher National Diploma,4 -5 hours,2–3 hours,1–2 hours,Always,75-89%,5-6,2-4 hours,2,4,4,4,3.0,2.5-2.99,"Yes, significantly",2.6066666666666665,2.5,5.5,3.0,0.82,4,Low,Good
2025-10-12 21:21:45.973,18 - 22,Female,Data Science,Higher National Diploma,2 - 3 hours,Less than 1 hour,30–59 minutes,Sometimes,50–74%,5-6,4-6 hours,5,3,1,3,2.5443037974683542,3.0-3.49,Somewhat,2.5,0.5,5.5,5.0,0.62,2,High,Good
2025-10-12 21:37:36.416,18 - 22,Female,Fashion Design,Bachelor of design,4 -5 hours,3–4 hours,1–2 hours,Sometimes,75-89%,6-7,<2 hours,5,2,1,4,2.5443037974683542,3.0-3.49,"Yes, significantly",2.6066666666666665,3.5,6.5,0.5,0.82,2,High,Good
2025-10-12 21:43:42.504,18 - 22,Male,Psychology,Bsc,Less than 1 hour,Less than 1 hour,30–59 minutes,Sometimes,75-89%,6-7,4-6 hours,2,2,3,3,2.5443037974683542,3.0-3.49,Somewhat,0.5,0.5,6.5,5.0,0.82,2,Low,Good
2025-10-12 22:25:16.582,18 - 22,Female,Data Science,Advanced Diploma,More than 5 hours,2–3 hours,30–59 minutes,Sometimes,50–74%,7-8,<2 hours,3,2,3,4,2.5443037974683542,3.0-3.49,"Yes, significantly",2.6066666666666665,2.5,7.5,0.5,0.62,2,Medium,Good
2025-10-12 22:48:02.829,18 - 22,Female,Data Science,Advanced Diploma,1 - 2 hours,2–3 hours,30–59 minutes,Sometimes,75-89%,5-6,4-6 hours,3,4,2,4,2.5443037974683542,3.0-3.49,"Yes, significantly",1.5,2.5,5.5,5.0,0.82,2,Medium,Good
2025-10-13 03:25:59.889,23 - 26,Male,Information communication technology,Bsc,Less than 1 hour,I don’t study on weekends,<30 minutes,Never,50–74%,4-5,<2 hours,2,1,1,3,3.0,3.5-4.0,"Yes, significantly",0.5,,4.5,0.5,0.62,1,Low,Good
2025-10-13 08:31:36.310,23 - 26,Female,Data Science,Advanced Diploma,Less than 1 hour,I don’t study on weekends,<30 minutes,Never,75-89%,more than 9,more than 8 hours,5,1,1,1,1.0,2.5-2.99,"Yes, significantly",0.5,,9.5,9.5,0.82,1,High,Good
2025-10-13 09:24:06.518,18 - 22,Female,Environmental sciences ,Bsc,1 - 2 hours,2–3 hours,<30 minutes,Often,≥90%,6-7,2-4 hours,4,3,3,4,2.5443037974683542,3.0-3.49,"Yes, significantly",1.5,2.5,6.5,3.0,0.95,3,Medium,Good
2025-10-13 10:16:53.816,18 - 22,Male,Software Engineering,Bsc,3 - 4 hours,1–2 hours,30–59 minutes,Sometimes,75-89%,5-6,4-6 hours,3,4,4,4,2.5443037974683542,2.5-2.99,Somewhat,3.5,1.5,5.5,5.0,0.82,2,Medium,Good
2025-10-13 18:50:11.181,18 - 22,Female,Fashion Design,Advanced Diploma,5 - 6 hours,1–2 hours,<30 minutes,Sometimes,≥90%,6-7,<2 hours,2,3,3,2,2.0,2.5-2.99,Somewhat,5.5,1.5,6.5,0.5,0.95,2,Low,Good
2025-10-14 22:31:25.431,23 - 26,Male,Data Science,Higher National Diploma,5 - 6 hours,3–4 hours,30–59 minutes,Sometimes,≥90%,6-7,2-4 hours,3,2,4,4,2.0,2.5-2.99,"Yes, significantly",5.5,3.5,6.5,3.0,0.95,2,Medium,Good
2025-10-15 21:33:38.776,18 - 22,Male,Data Science,Bsc,3 - 4 hours,3–4 hours,30–59 minutes,Always,75-89%,6-7,<2 hours,5,3,3,3,2.5443037974683542,3.5-4.0,"Yes, significantly",3.5,3.5,6.5,0.5,0.82,4,High,Good
2025-10-16 21:03:29.138,18 - 22,Female,Agriculture ,Bsc,5 - 6 hours,2–3 hours,1–2 hours,Sometimes,50–74%,5-6,4-6 hours,2,2,4,3,2.0,2.0-2.49,Not sure,5.5,2.5,5.5,5.0,0.62,2,Low,Good
2025-10-17 14:38:08.979,18 - 22,Female,Data Science,Advanced Diploma,More than 5 hours,2–3 hours,30–59 minutes,Sometimes,75-89%,6-7,2-4 hours,4,2,4,4,2.5443037974683542,3.5-4.0,"Yes, significantly",2.6066666666666665,2.5,6.5,3.0,0.82,2,Medium,Good
2025-10-22 19:41:41.964,18 - 22,Male,Event management ,Advanced Diploma,Less than 1 hour,More than 5 hours,2 - 3 hours,Always,75-89%,6-7,4-6 hours,3,2,4,4,3.0,3.0-3.49,Maybe,0.5,9.5,6.5,5.0,0.82,4,Medium,Good
2025-10-22 19:45:05.101,23 - 26,Male,Data Science,Bsc,1 - 2 hours,2–3 hours,30–59 minutes,Never,50–74%,7-8,4-6 hours,3,3,4,4,2.0,2.5-2.99,Somewhat,1.5,2.5,7.5,5.0,0.62,1,Medium,Good
2025-10-22 19:52:22.607,18 - 22,Female,Fashion Design,Bsc,More than 5 hours,I don’t study on weekends,1–2 hours,Always,75-89%,6-7,4-6 hours,4,3,4,5,3.0,2.5-2.99,Maybe,2.6066666666666665,,6.5,5.0,0.82,4,Medium,Good
2025-10-22 20:01:21.707,23 - 26,Female,Electronic technology,Higher National Diploma,1 - 2 hours,3–4 hours,30–59 minutes,Often,50–74%,5-6,6-8 hours,5,4,4,3,2.5443037974683542,2.5-2.99,"Yes, significantly",1.5,3.5,5.5,7.0,0.62,3,High,Good
2025-10-22 20:44:43.927,23 - 26,Female,Fashion Design,BA (Hons ) Dgree ,More than 5 hours,I don’t study on weekends,30–59 minutes,Sometimes,≥90%,4-5,<2 hours,4,3,5,3,2.5443037974683542,3.5-4.0,"Yes, significantly",2.6066666666666665,,4.5,0.5,0.95,2,Medium,Good
2025-10-22 21:04:08.175,27 - 35,Female,Fashion Design,BA,More than 5 hours,More than 5 hours,2 - 3 hours,Never,≥90%,4-5,2-4 hours,5,5,3,2,2.5443037974683542,3.5-4.0,"Yes, significantly",2.6066666666666665,9.5,4.5,3.0,0.95,1,High,Good
2025-10-22 21:24:45.300,18 - 22,Female,Fashion Design,Advanced Diploma,Less than 1 hour,2–3 hours,30–59 minutes,Often,≥90%,8-9,6-8 hours,2,2,1,2,4.0,3.0-3.49,"Yes, significantly",0.5,2.5,8.5,7.0,0.95,3,Low,Good
2025-10-22 21:46:50.430,18 - 22,Female,Fashion Design,Bsc,5 - 6 hours,2–3 hours,30–59 minutes,Sometimes,≥90%,5-6,6-8 hours,3,4,3,4,2.5443037974683542,3.0-3.49,"Yes, significantly",5.5,2.5,5.5,7.0,0.95,2,Medium,Good
2025-10-22 21:52:52.368,23 - 26,Female,Fashion Design,Bsc,5 - 6 hours,I don’t study on weekends,2 - 3 hours,Sometimes,75-89%,6-7,4-6 hours,3,3,4,4,2.0,2.5-2.99,"Yes, significantly",5.5,,6.5,5.0,0.82,2,Medium,Good
2025-10-22 22:48:49.276,18 - 22,Male,Management ,Bsc,2 - 3 hours,2–3 hours,2 - 3 hours,Sometimes,50–74%,7-8,2-4 hours,3,3,2,3,3.0,3.0-3.49,Somewhat,2.5,2.5,7.5,3.0,0.62,2,Medium,Good
2025-10-23 19:02:31.889,18 - 22,Female,Data Science,Advanced Diploma,2 - 3 hours,2–3 hours,1–2 hours,Often,75-89%,6-7,4-6 hours,3,3,2,4,2.0,2.5-2.99,"Yes, significantly",2.5,2.5,6.5,5.0,0.82,3,Medium,Good
2025-10-23 19:03:53.697,18 - 22,Male,Data Science,Advanced Diploma,3 - 4 hours,2–3 hours,1–2 hours,Often,75-89%,7-8,2-4 hours,4,4,3,4,3.0,2.5-2.99,Somewhat,3.5,2.5,7.5,3.0,0.82,3,Medium,Good
2025-10-23 19:06:00.708,23 - 26,Male,Data Science,Higher National Diploma,3 - 4 hours,4–5 hours,1–2 hours,Always,≥90%,6-7,2-4 hours,3,4,2,4,3.0,3.0-3.49,"Yes, significantly",3.5,4.5,6.5,3.0,0.95,4,Medium,Good
2025-10-23 19:07:56.138,23 - 26,Male,Fashion Design,Advanced Diploma,3 - 4 hours,2–3 hours,1–2 hours,Often,75-89%,6-7,4-6 hours,3,3,3,4,2.0,2.5-2.99,Somewhat,3.5,2.5,6.5,5.0,0.82,3,Medium,Good
2025-10-23 19:11:12.880,18 - 22,Female,Data Science,Advanced Diploma,2 - 3 hours,3–4 hours,1–2 hours,Always,≥90%,6-7,2-4 hours,3,4,2,4,3.0,3.0-3.49,Maybe,2.5,3.5,6.5,3.0,0.95,4,Medium,Good
2025-10-23 19:13:05.075,<18,Female,Data Science,Foundation,1 - 2 hours,2–3 hours,1–2 hours,Sometimes,50–74%,6-7,4-6 hours,4,4,3,4,3.0,3.0-3.49,Not sure,1.5,2.5,6.5,5.0,0.62,2,Medium,Good
2025-10-23 19:16:34.790,23 - 26,Female,Data Science,Higher National Diploma,2 - 3 hours,4–5 hours,1–2 hours,Always,≥90%,6-7,<2 hours,3,4,3,4,3.0,3.0-3.49,"Yes, significantly",2.5,4.5,6.5,0.5,0.95,4,Medium,Good
2025-10-23 19:16:56.103,23 - 26,Male,Interior Architecture,Bsc,4 -5 hours,Less than 1 hour,30–59 minutes,Sometimes,75-89%,6-7,4-6 hours,5,4,3,3,3.0,3.5-4.0,"Yes, significantly",2.6066666666666665,0.5,6.5,5.0,0.82,2,High,Good
2025-10-23 19:26:06.225,27 - 35,Female,Fashion Design,Higher National Diploma,5 - 6 hours,3–4 hours,1–2 hours,Often,50–74%,8-9,6-8 hours,2,3,4,4,3.0,3.0-3.49,Maybe,5.5,3.5,8.5,7.0,0.62,3,Low,Good
2025-10-23 19:27:50.345,18 - 22,Male,Psychology,Advanced Diploma,More than 5 hours,I don’t study on weekends,2 - 3 hours,Never,≥90%,5-6,6-8 hours,4,5,4,3,2.0,2.5-2.99,Not really,2.6066666666666665,,5.5,7.0,0.95,1,Medium,Good
2025-10-23 19:34:13.444,23 - 26,Male,Data Science,Higher National Diploma,3 - 4 hours,1–2 hours,30–59 minutes,Sometimes,50–74%,6-7,2-4 hours,2,2,2,1,2.0,2.0-2.49,Somewhat,3.5,1.5,6.5,3.0,0.62,2,Low,Good
2025-10-23 19:36:27.470,23 - 26,Female,Data Science,Bsc,2 - 3 hours,More than 5 hours,1–2 hours,Always,≥90%,6-7,2-4 hours,4,4,4,4,4.0,3.5-4.0,"Yes, significantly",2.5,9.5,6.5,3.0,0.95,4,Medium,Good
2025-10-23 19:38:22.089,23 - 26,Male,Data Science,Bsc,2 - 3 hours,3–4 hours,1–2 hours,Always,75-89%,6-7,2-4 hours,4,4,4,4,3.0,3.0-3.49,Maybe,2.5,3.5,6.5,3.0,0.82,4,Medium,Good
2025-10-23 19:40:49.914,23 - 26,Female,Psychology,Bsc,2 - 3 hours,4–5 hours,30–59 minutes,Sometimes,75-89%,5-6,6-8 hours,3,3,2,4,2.5443037974683542,3.5-4.0,"Yes, significantly",2.5,4.5,5.5,7.0,0.82,2,Medium,Good
2025-10-23 20:20:33.597,18 - 22,Female,Business science ,Bsc,2 - 3 hours,3–4 hours,30–59 minutes,Sometimes,75-89%,6-7,2-4 hours,4,3,3,4,2.5443037974683542,3.5-4.0,"Yes, significantly",2.5,3.5,6.5,3.0,0.82,2,Medium,Good
2025-10-23 20:24:53.953,23 - 26,Male,Data Science,Higher National Diploma,2 - 3 hours,3–4 hours,1–2 hours,Sometimes,50–74%,5-6,4-6 hours,2,4,4,4,3.0,3.0-3.49,Somewhat,2.5,3.5,5.5,5.0,0.62,2,Low,Good
2025-10-23 20:47:37.213,18 - 22,Female,Business science ,Bsc,3 - 4 hours,2–3 hours,30–59 minutes,Sometimes,75-89%,6-7,6-8 hours,3,2,3,4,3.0,3.0-3.49,"Yes, significantly",3.5,2.5,6.5,7.0,0.82,2,Medium,Good
